{"_runtime":3,"_step":2,"epoch":2,"loss":0.765224916555825,"accuracy":0.1614119870720867,"_timestamp":1.758996175647518e+09,"_wandb":{"runtime":3}}