{"loss":0.5481478950846947,"_wandb":{"runtime":3},"_runtime":3,"accuracy":0.5283287724861725,"_timestamp":1.7589961797140732e+09,"_step":2,"epoch":2}