{
    "model": "AlexNet",
    "dataset": "CIFAR-10",
    "optimizer": "Adam",
    "num_epochs": 5,
    "batch_size": 128,
    "learning_rate": 0.001,
    "final_train_loss": 0.9518668868047807,
    "final_train_accuracy": 66.648,
    "final_val_accuracy": 69.62,
    "training_time_seconds": 52.54080271720886,
    "training_time_minutes": 0.8756800452868144,
    "train_losses": [
        1.789655703108024,
        1.3901085801746533,
        1.18738121556504,
        1.0450376522205675,
        0.9518668868047807
    ],
    "train_accuracies": [
        31.464,
        48.726,
        57.33,
        62.954,
        66.648
    ],
    "val_accuracies": [
        48.03,
        56.62,
        63.66,
        65.77,
        69.62
    ]
}