{
    "model": "AlexNet",
    "dataset": "CIFAR-10",
    "optimizer": "Newton",
    "num_epochs": 5,
    "batch_size": 128,
    "learning_rate": 0.001,
    "final_train_loss": 8.34540894283498e+21,
    "final_train_accuracy": 10.0,
    "final_val_accuracy": 10.0,
    "training_time_seconds": 52.64497756958008,
    "training_time_minutes": 0.8774162928263346,
    "train_losses": [
        8.327860024749644e+21,
        8.34738957642302e+21,
        8.34090819107208e+21,
        8.336624674641333e+21,
        8.34540894283498e+21
    ],
    "train_accuracies": [
        9.982,
        10.0,
        10.0,
        10.0,
        10.0
    ],
    "val_accuracies": [
        10.0,
        10.0,
        10.0,
        10.0,
        10.0
    ]
}