{"_timestamp":1.7625857801207922e+09,"_step":0,"_wandb":{"runtime":107},"_runtime":107,"train/loss":2.255974054336548,"train/step":0,"train/sec_per_step":0,"train/steps_per_sec":0.0167333479887794}