{"_step":0,"_wandb":{"runtime":104},"_runtime":104,"train/loss":2.628610134124756,"train/step":0,"_timestamp":1.7625846815258367e+09}