{"_step":2,"epoch":2,"loss":0.5199179271929646,"accuracy":0.0693784162481601,"_timestamp":1.758995885923368e+09,"_wandb":{"runtime":3},"_runtime":3}