{"loss":0.8627514588086428,"accuracy":0.49034572704154333,"_timestamp":1.758996183823204e+09,"_wandb":{"runtime":3},"_runtime":3,"_step":2,"epoch":2}