{"train/loss":1.7102347612380981,"train/step":0,"_timestamp":1.7625845210900722e+09,"_step":0,"_wandb":{"runtime":130},"_runtime":130}