{"_wandb":{"runtime":12016},"_runtime":12016,"_step":26,"train/loss":0.1621260792016983,"train/step":260,"train/sec_per_step":45.87469053725173,"train/steps_per_sec":0.021798512170626366,"_timestamp":1.7625978169735718e+09}