{"_timestamp":1.762585133563235e+09,"_step":1,"_wandb":{"runtime":513},"_runtime":513,"train/loss":1.0211906433105469,"train/step":10}